<?xml version="1.0" encoding="UTF-8"?>
<metadata modelVersion="1.1.0">
  <groupId>com.yszhdhy</groupId>
  <artifactId>generator</artifactId>
  <versioning>
    <lastUpdated>20230505023857</lastUpdated>
    <snapshot>
      <localCopy>true</localCopy>
    </snapshot>
    <snapshotVersions>
      <snapshotVersion>
        <extension>jar</extension>
        <value>1.0-SNAPSHOT</value>
        <updated>20230505023857</updated>
      </snapshotVersion>
      <snapshotVersion>
        <extension>pom</extension>
        <value>1.0-SNAPSHOT</value>
        <updated>20230505023857</updated>
      </snapshotVersion>
      <snapshotVersion>
        <extension>war</extension>
        <value>1.0-SNAPSHOT</value>
        <updated>20230504033546</updated>
      </snapshotVersion>
    </snapshotVersions>
  </versioning>
  <version>1.0-SNAPSHOT</version>
</metadata>
